Camera,Best Performance,Worst Performance,Average Performance
Camera1_Performance,65.74673872546785,14.901905988337008,39.44377418306453
Camera2_Performance,64.3096495508936,15.99877023879288,39.81326442821773
Camera3_Performance,66.82280638320589,14.31181611301212,39.4708868405641
Camera4_Performance,61.130979257676685,4.63456513558648,29.76503282160735
Camera5_Performance,59.02057637254284,18.78223393734844,37.922052636731934
Camera6_Performance,60.80585285950719,16.87622144551836,40.67261504459817
