,Camera1_Performance,Camera2_Performance,Camera3_Performance,Camera4_Performance,Camera5_Performance,Camera6_Performance
Camera1_Performance,1.0,0.028859465183895858,-0.029939994030930464,0.3128312017417834,-0.025457277733833758,0.07718971983770795
Camera2_Performance,0.028859465183895858,1.0,0.021553932618872722,0.05376493242197997,0.05949711378971253,-0.012715453077581488
Camera3_Performance,-0.029939994030930464,0.021553932618872722,1.0,0.1114295473528044,-0.11466112166715417,0.06493606744631714
Camera4_Performance,0.3128312017417834,0.05376493242197997,0.1114295473528044,1.0,-0.07747030477941876,0.034812080329855985
Camera5_Performance,-0.025457277733833758,0.05949711378971253,-0.11466112166715417,-0.07747030477941876,1.0,-0.040907179412848126
Camera6_Performance,0.07718971983770795,-0.012715453077581488,0.06493606744631714,0.034812080329855985,-0.040907179412848126,1.0
